,auth_key,tag,gender_1,prob_1,h_index,n_citations,n_items,hits
0,K0,sociology,male,0.98,6,203,59,20.0
1,K1,sociology,female,0.99,7,277,22,13.0
2,K2,sociology,male,1.0,1,5,3,2.0
3,K3,sociology,male,1.0,7,114,21,2.0
4,K4,sociology,male,1.0,2,12,5,5.0
5,K5,sociology,male,1.0,0,0,1,2.0
6,K6,sociology,male,1.0,33,3378,153,38.0
7,K7,sociology,male,1.0,0,0,2,0.0
8,K8,sociology,male,1.0,5,143,12,26.0
9,K9,sociology,female,0.99,2,10,9,4.0
10,K10,sociology,female,0.94,5,146,9,2.0
11,K11,sociology,male,1.0,3,58,7,25.0
12,K12,sociology,male,1.0,4,40,7,291.0
13,K13,sociology,male,1.0,1,12,1,31.0
14,K14,sociology,male,1.0,5,48,11,6.0
15,K15,sociology,male,1.0,4,97,14,0.0
16,K16,sociology,female,0.99,0,0,1,16.0
17,K17,sociology,male,1.0,13,701,73,17.0
18,K18,sociology,male,1.0,1,19,3,3.0
19,K19,sociology,female,0.99,16,595,42,9.0
20,K20,sociology,male,1.0,23,1783,78,53.0
21,K21,sociology,male,1.0,1,7,2,1.0
22,K22,sociology,male,1.0,1,2,1,0.0
23,K23,sociology,male,1.0,2,27,6,2.0
24,K24,sociology,male,1.0,7,392,7,97.0
25,K25,sociology,female,0.98,2,14,10,7.0
26,K26,sociology,male,1.0,5,116,11,20.0
27,K27,sociology,male,1.0,5,87,21,3.0
28,K28,sociology,male,1.0,7,350,22,15.0
29,K29,economics,male,1.0,3,36,5,11.0
30,K30,economics,male,1.0,9,252,30,8.0
31,K31,economics,male,1.0,22,1339,80,4.0
32,K32,economics,male,1.0,0,0,2,13.0
33,K33,economics,male,1.0,7,120,36,181.0
34,K34,economics,male,1.0,12,415,34,3.0
35,K35,economics,male,1.0,10,307,27,2.0
36,K36,economics,male,0.99,1,3,2,490.0
37,K37,economics,male,1.0,11,466,15,1.0
38,K38,economics,male,1.0,7,107,31,1.0
39,K39,economics,male,1.0,6,126,21,0.0
40,K40,economics,male,1.0,3,75,6,4.0
41,K41,economics,male,1.0,2,9,4,0.0
42,K42,economics,male,1.0,8,263,50,24.0
43,K43,economics,male,1.0,11,275,51,12.0
44,K44,economics,male,0.99,4,27,24,5.0
45,K45,economics,male,0.99,11,689,35,9.0
46,K46,economics,male,1.0,0,0,1,2.0
47,K47,economics,male,1.0,5,51,18,10.0
48,K48,economics,male,1.0,2,11,2,3.0
49,K49,economics,male,1.0,0,0,2,0.0
50,K50,economics,male,1.0,33,2779,111,3.0
51,K51,economics,male,0.99,4,62,10,
52,K52,economics,male,1.0,11,698,47,7.0
53,K53,economics,male,1.0,2,15,2,34.0
54,K54,economics,male,1.0,5,83,14,36.0
55,K55,economics,male,1.0,0,0,1,587.0
56,K56,economics,male,0.99,1,6,1,0.0
57,K57,economics,male,1.0,0,0,1,1.0
58,K58,economics,male,0.98,2,10,8,0.0
59,K59,economics,male,1.0,0,0,1,0.0
60,K60,economics,male,1.0,3,29,19,27.0
61,K61,economics,male,1.0,0,0,7,26.0
62,K62,economics,male,1.0,10,551,14,0.0
63,K63,economics,male,1.0,1,4,2,1.0
64,K64,economics,male,1.0,2,758,2,13.0
65,K65,economics,male,1.0,0,0,1,0.0
66,K66,economics,male,1.0,1,1,1,9.0
67,K67,economics,female,0.99,4,630,6,11.0
68,K68,economics,male,1.0,0,0,1,0.0
69,K69,economics,male,1.0,5,19,15,2.0
70,K70,economics,female,0.89,0,0,1,6.0
71,K71,economics,male,1.0,6,93,17,12.0
72,K72,economics,male,1.0,2,16,14,9.0
73,K73,economics,female,0.99,6,149,12,0.0
74,K74,economics,male,1.0,1,22,1,95.0
75,K75,economics,male,1.0,2,8,3,0.0
76,K76,economics,male,1.0,2,4,4,
77,K77,economics,male,1.0,2,26,3,0.0
78,K78,economics,male,1.0,9,437,11,1.0
79,K79,economics,male,1.0,10,817,25,44.0
80,K80,economics,male,1.0,17,846,41,9.0
81,K81,economics,male,1.0,4,55,6,60.0
82,K82,economics,male,1.0,16,2777,26,12.0
83,K83,economics,male,0.99,1,2,2,0.0
84,K84,economics,male,1.0,9,578,14,0.0
85,K85,economics,male,1.0,8,339,15,7.0
86,K86,economics,male,1.0,19,2270,35,0.0
87,K87,economics,female,0.99,5,87,10,9.0
88,K88,economics,male,0.54,5,118,14,2.0
89,K89,economics,male,0.96,9,131,23,8.0
90,K90,economics,male,1.0,1,2,3,0.0
91,K91,economics,female,0.98,6,118,18,2.0
92,K92,economics,male,1.0,17,2213,33,14.0
93,K93,economics,female,0.99,14,482,35,5.0
94,K94,economics,male,1.0,21,1215,32,0.0
95,K95,economics,male,1.0,40,3351,146,3.0
96,K96,economics,female,0.99,10,300,39,0.0
97,K97,economics,male,1.0,0,0,1,173.0
98,K98,economics,male,1.0,0,0,1,6.0
99,K99,economics,male,1.0,10,351,65,26.0
100,K100,economics,male,1.0,3,55,6,0.0
101,K101,economics,male,1.0,11,663,29,18.0
102,K102,economics,male,0.99,17,909,54,0.0
103,K103,economics,male,1.0,9,1456,14,0.0
104,K104,economics,male,1.0,8,172,34,17.0
105,K105,economics,male,0.93,3,27,10,2.0
106,K106,economics,male,1.0,1,2,1,0.0
107,K107,economics,male,1.0,4,139,8,0.0
108,K108,economics,male,1.0,10,334,41,8.0
109,K109,economics,male,1.0,1,3,2,0.0
110,K110,economics,male,1.0,2,29,24,41.0
111,K111,economics,female,0.99,4,148,14,1.0
112,K112,economics,male,1.0,12,379,21,1.0
113,K113,economics,male,1.0,10,210,28,7.0
114,K114,economics,male,1.0,1,1,2,4.0
115,K115,economics,male,0.99,4,305,6,0.0
116,K116,economics,male,1.0,5,117,9,52.0
117,K117,economics,female,0.99,5,405,7,1.0
118,K118,economics,male,1.0,18,1134,47,0.0
119,K119,economics,male,1.0,10,299,43,19.0
120,K120,economics,male,1.0,2,90,4,0.0
121,K121,economics,male,1.0,8,225,33,9.0
122,K122,economics,male,0.99,10,441,41,2.0
123,K123,economics,male,1.0,11,693,24,1.0
124,K124,economics,male,1.0,42,3386,169,7.0
125,K125,economics,male,1.0,0,0,1,15.0
126,K126,economics,male,1.0,11,1442,37,27.0
127,K127,economics,female,0.99,1,9,1,1.0
128,K128,economics,male,1.0,24,1985,78,0.0
129,K129,economics,male,0.99,2,16,16,15.0
130,K130,economics,female,0.98,5,721,7,0.0
131,K131,economics,male,1.0,4,41,10,1.0
132,K132,economics,female,0.97,25,2323,98,8.0
133,K133,economics,male,1.0,9,243,36,0.0
134,K134,economics,male,1.0,11,370,20,3.0
135,K135,economics,male,1.0,27,4871,67,116.0
136,K136,economics,male,1.0,1,10,1,1.0
137,K137,economics,male,1.0,13,1133,25,2.0
138,K138,economics,male,1.0,30,3157,120,11.0
139,K139,economics,male,1.0,7,212,15,9.0
140,K140,economics,male,1.0,1,2,1,6.0
141,K141,economics,female,0.99,13,1068,33,35.0
142,K142,economics,male,0.98,1,7,7,0.0
143,K143,economics,male,1.0,7,248,20,45.0
144,K144,economics,male,1.0,15,578,42,2.0
145,K145,economics,male,1.0,8,266,20,0.0
146,K146,economics,male,1.0,57,11687,122,58.0
147,K147,economics,female,0.99,3,24,7,1.0
148,K148,economics,male,0.99,9,166,12,28.0
149,K149,economics,male,1.0,5,229,8,28.0
150,K150,economics,male,1.0,5,146,11,28.0
151,K151,economics,male,1.0,1,2,3,4.0
152,K152,economics,male,1.0,15,549,49,0.0
153,K153,economics,male,1.0,7,156,20,966.0
154,K154,economics,male,0.99,26,1626,47,966.0
155,K155,economics,male,1.0,11,328,36,966.0
156,K156,economics,male,1.0,21,1247,72,966.0
157,K157,economics,male,1.0,14,1195,24,966.0
158,K158,economics,male,1.0,11,744,26,966.0
159,K159,economics,male,1.0,17,678,38,1.0
160,K160,economics,male,1.0,8,222,15,0.0
161,K161,economics,male,0.99,0,0,1,2.0
162,K162,economics,female,0.99,6,123,12,6.0
163,K163,economics,male,1.0,2,7,11,9.0
164,K164,economics,male,1.0,11,965,20,5.0
165,K165,economics,male,1.0,2,16,11,384.0
166,K166,economics,male,1.0,12,438,16,1.0
167,K167,economics,male,1.0,2,7,4,9.0
168,K168,economics,male,0.99,12,1222,27,9.0
169,K169,economics,male,1.0,2,26,8,44.0
170,K170,economics,male,1.0,21,1284,52,1.0
171,K171,economics,female,0.93,19,1245,48,24.0
172,K172,economics,male,0.98,0,0,1,22.0
173,K173,economics,male,0.99,0,0,2,17.0
174,K174,economics,male,1.0,13,453,63,2.0
175,K175,economics,male,1.0,3,26,8,2.0
176,K176,economics,male,1.0,12,770,41,69.0
177,K177,economics,male,1.0,3,29,4,1.0
178,K178,economics,male,1.0,11,473,21,67.0
179,K179,economics,male,1.0,8,490,17,4.0
180,K180,economics,male,1.0,17,771,62,10.0
181,K181,economics,male,1.0,33,3465,102,14.0
182,K182,economics,male,1.0,4,28,5,2.0
183,K183,economics,male,1.0,6,148,15,2.0
184,K184,economics,male,1.0,12,568,49,0.0
185,K185,economics,male,0.99,9,518,16,26.0
186,K186,economics,male,1.0,14,592,52,0.0
187,K187,economics,female,0.99,7,166,17,0.0
188,K188,economics,male,1.0,1,2,9,6.0
189,K189,economics,female,0.99,17,1694,112,0.0
190,K190,economics,male,0.99,15,503,70,0.0
191,K191,economics,male,1.0,7,148,28,9.0
192,K192,economics,male,1.0,4,55,14,12.0
193,K193,economics,female,0.99,10,591,34,8.0
194,K194,economics,male,1.0,10,313,24,11.0
195,K195,economics,male,0.99,16,1322,25,1.0
196,K196,economics,male,1.0,3,18,9,14.0
197,K197,economics,male,1.0,20,1709,62,2.0
198,K198,economics,male,1.0,1,3,3,1.0
199,K199,economics,female,0.99,1,1,2,2.0
200,K200,economics,male,1.0,0,0,1,3.0
201,K201,economics,female,0.99,12,319,31,5.0
202,K202,economics,male,1.0,7,120,14,2.0
203,K203,economics,male,1.0,3,44,8,6.0
204,K204,economics,male,1.0,3,26,14,110.0
205,K205,economics,male,1.0,25,6237,74,469.0
206,K206,economics,male,1.0,3,74,7,4.0
207,K207,economics,male,1.0,2,16,6,4.0
208,K208,economics,female,0.95,11,609,19,3.0
209,K209,economics,male,1.0,37,4699,148,7.0
210,K210,economics,male,1.0,11,500,13,8.0
211,K211,economics,male,1.0,1,1,5,2.0
212,K212,economics,male,1.0,20,1238,117,3.0
213,K213,economics,male,1.0,5,262,11,0.0
214,K214,economics,male,1.0,11,418,26,3.0
215,K215,economics,male,0.98,2,18,6,147.0
216,K216,economics,male,1.0,41,7199,108,14.0
217,K217,economics,female,0.98,5,89,6,13.0
218,K218,economics,male,1.0,1,5,14,66.0
219,K219,economics,male,0.99,5,84,16,0.0
220,K220,economics,male,1.0,1,6,3,42.0
221,K221,economics,male,1.0,2,107,3,61.0
222,K222,economics,male,1.0,6,112,28,7.0
223,K223,economics,male,1.0,0,0,1,12.0
224,K224,economics,male,1.0,11,416,24,14.0
225,K225,economics,female,0.99,6,104,17,0.0
226,K226,economics,male,1.0,4,46,16,1.0
227,K227,economics,male,1.0,21,1326,50,0.0
228,K228,economics,male,1.0,3,77,3,0.0
229,K229,economics,male,1.0,8,359,21,3.0
230,K230,economics,male,1.0,1,2,1,0.0
231,K231,economics,male,1.0,8,347,22,1.0
232,K232,economics,male,1.0,7,224,22,17.0
233,K233,economics,male,1.0,5,80,23,0.0
234,K234,economics,male,1.0,14,517,31,1.0
235,K235,economics,male,1.0,31,7424,56,21.0
236,K236,economics,female,0.99,16,2034,31,0.0
237,K237,economics,male,1.0,12,374,30,297.0
238,K238,economics,male,1.0,63,29304,113,1.0
239,K239,economics,male,1.0,10,582,20,5.0
240,K240,economics,female,0.99,6,79,19,4.0
241,K241,economics,male,1.0,7,166,20,33.0
242,K242,economics,male,1.0,13,674,15,11.0
243,K243,economics,male,1.0,4,77,8,6.0
244,K244,economics,male,1.0,21,1321,51,0.0
245,K245,economics,male,1.0,14,1088,23,7.0
246,K246,economics,male,1.0,52,7451,146,35.0
247,K247,economics,male,1.0,3,24,11,34.0
248,K248,economics,male,1.0,13,607,49,2.0
249,K249,economics,male,1.0,9,461,12,1.0
250,K250,economics,male,1.0,4,58,11,0.0
251,K251,economics,female,0.98,3,25,7,5.0
252,K252,economics,male,1.0,30,2920,51,3.0
253,K253,economics,male,1.0,1,4,8,12.0
254,K254,economics,male,1.0,6,183,8,95.0
255,K255,economics,male,1.0,6,123,14,5.0
256,K256,economics,male,0.98,14,902,36,196.0
257,K257,economics,male,1.0,9,672,35,2.0
258,K258,economics,female,0.99,12,663,34,1.0
259,K259,economics,male,1.0,13,442,39,0.0
260,K260,economics,male,1.0,5,107,11,0.0
261,K261,economics,male,0.85,2,10,3,15.0
262,K262,economics,male,1.0,10,489,25,2.0
263,K263,economics,male,1.0,3,22,10,2.0
264,K264,economics,male,1.0,31,4313,97,
265,K265,economics,male,1.0,3,67,8,0.0
266,K266,economics,male,1.0,24,1642,60,0.0
267,K267,economics,female,0.99,5,176,12,1.0
268,K268,economics,male,0.99,15,673,69,15.0
269,K269,economics,male,1.0,23,2043,85,2.0
270,K270,economics,male,1.0,16,656,38,0.0
271,K271,economics,male,0.94,4,89,9,0.0
272,K272,economics,male,1.0,4,44,18,33.0
273,K273,economics,male,1.0,10,471,48,2.0
274,K274,economics,male,1.0,19,1844,76,1.0
275,K275,economics,male,1.0,33,4726,101,9.0
276,K276,economics,female,0.98,4,78,10,1.0
277,K277,economics,male,0.95,1,4,2,
278,K278,economics,male,1.0,12,369,39,
279,K279,economics,male,1.0,18,1363,70,
280,K280,economics,male,1.0,23,2520,208,
281,K281,economics,male,1.0,19,774,50,
282,K282,economics,male,1.0,24,1907,64,
283,K283,economics,male,1.0,13,1192,19,
284,K284,economics,male,1.0,14,638,30,
285,K285,economics,male,1.0,11,506,19,
286,K286,economics,male,1.0,13,455,40,
287,K287,economics,male,1.0,2,5,6,
288,K288,economics,male,1.0,19,1207,54,
289,K289,economics,male,1.0,16,785,158,
290,K290,economics,male,0.99,3,26,4,
291,K291,economics,male,1.0,3,35,11,
292,K292,economics,male,1.0,28,3139,53,
293,K293,economics,male,1.0,9,315,19,
294,K294,economics,male,1.0,22,2672,94,
295,K295,economics,female,0.98,19,2303,29,
296,K296,economics,male,0.99,1,1,1,
297,K297,economics,male,1.0,17,766,67,
298,K298,economics,male,0.99,16,2461,28,
299,K299,economics,male,1.0,12,501,30,
300,K300,economics,female,0.99,7,552,12,
301,K301,economics,male,1.0,31,3079,259,
302,K302,economics,male,1.0,8,247,29,11.0
303,K303,economics,female,0.98,5,185,23,35.0
304,K304,economics,male,0.99,1,14,1,0.0
305,K305,economics,male,1.0,22,2286,86,33.0
306,K306,economics,male,1.0,1,7,2,5.0
307,K307,economics,male,1.0,6,493,9,42.0
308,K308,economics,male,1.0,11,346,39,86.0
309,K309,economics,male,1.0,15,754,41,5.0
310,K310,economics,female,0.99,3,118,5,1.0
311,K311,economics,male,1.0,6,137,22,2.0
312,K312,economics,female,0.99,4,84,6,0.0
313,K313,economics,male,0.98,14,882,31,20.0
314,K314,economics,male,0.99,6,252,31,22.0
315,K315,economics,male,1.0,16,651,50,24.0
316,K316,economics,male,1.0,8,136,29,9.0
317,K317,economics,male,1.0,5,122,16,35.0
318,K318,economics,male,1.0,18,1068,28,49.0
319,K319,economics,male,0.99,3,68,7,9.0
320,K320,economics,male,1.0,3,64,7,15.0
321,K321,economics,male,1.0,3,37,21,13.0
322,K322,economics,male,1.0,2,4,6,17.0
323,K323,economics,female,0.88,2,28,4,99.0
324,K324,economics,male,0.99,9,253,59,0.0
325,K325,economics,male,0.99,7,82,13,28.0
326,K326,economics,male,1.0,1,56,1,10.0
327,K327,economics,female,0.99,7,226,12,4.0
328,K328,economics,male,1.0,3,24,5,
329,K329,economics,male,1.0,7,145,21,0.0
330,K330,economics,male,1.0,2,9,4,4.0
331,K331,economics,male,1.0,0,0,1,0.0
332,K332,economics,female,0.99,1,31,1,7.0
333,K333,economics,male,1.0,6,186,12,
334,K334,economics,male,1.0,4,110,23,37.0
335,K335,economics,male,1.0,11,615,12,17.0
336,K336,economics,male,0.99,9,207,23,1.0
337,K337,economics,male,0.99,1,4,4,
338,K338,economics,male,1.0,3,55,7,2.0
339,K339,economics,male,1.0,28,3439,364,73.0
340,K340,economics,male,1.0,1,6,1,0.0
341,K341,economics,male,1.0,21,1182,48,9.0
342,K342,economics,male,1.0,12,445,22,0.0
343,K343,economics,male,1.0,16,998,24,2.0
344,K344,economics,male,0.99,12,581,30,3.0
345,K345,economics,male,1.0,0,0,1,4.0
346,K346,economics,male,0.99,23,2281,41,11.0
347,K347,economics,male,1.0,24,1594,46,3.0
348,K348,economics,male,1.0,5,55,9,41.0
349,K349,economics,female,0.98,4,106,6,
350,K350,economics,female,0.99,11,446,32,
351,K351,economics,female,0.99,11,539,29,1.0
352,K352,economics,female,0.99,10,349,23,2.0
353,K353,economics,male,1.0,5,176,6,3.0
354,K354,economics,male,1.0,1,18,1,0.0
355,K355,economics,male,1.0,11,738,21,14.0
356,K356,economics,female,0.99,4,77,11,0.0
357,K357,economics,female,0.97,12,527,33,0.0
358,K358,economics,male,1.0,12,789,27,2.0
359,K359,economics,male,1.0,7,271,9,17.0
360,K360,economics,male,1.0,4,383,7,30.0
361,K361,economics,male,1.0,17,1073,51,39.0
362,K362,economics,male,0.99,9,407,16,5.0
363,K363,economics,male,1.0,1,18,2,51.0
364,K364,economics,male,1.0,7,347,25,8.0
365,K365,economics,male,0.98,4,108,7,2.0
366,K366,economics,male,1.0,2,10,3,221.0
367,K367,economics,male,1.0,2,140,11,20.0
368,K368,economics,male,1.0,4,85,23,
369,K369,economics,male,1.0,25,2297,78,7.0
370,K370,economics,male,0.99,11,1220,18,
371,K371,economics,female,0.99,9,233,23,0.0
372,K372,economics,male,0.92,1,12,2,8.0
373,K373,economics,male,1.0,23,3144,76,9.0
374,K374,economics,female,0.99,13,513,25,8.0
375,K375,economics,male,1.0,12,574,32,7.0
376,K376,economics,male,1.0,3,67,3,4.0
377,K377,economics,male,0.99,12,254,27,5.0
378,K378,economics,female,0.99,10,381,21,7.0
379,K379,economics,female,0.99,3,46,10,0.0
380,K380,economics,male,1.0,2,12,4,4.0
381,K381,economics,male,1.0,18,1560,49,5.0
382,K382,economics,male,1.0,11,649,23,0.0
383,K383,economics,male,0.99,5,74,6,1.0
384,K384,economics,female,0.99,5,312,9,0.0
385,K385,economics,male,1.0,2,12,2,5.0
386,K386,economics,male,1.0,14,560,47,21.0
387,K387,economics,male,1.0,6,89,16,49.0
388,K388,economics,female,0.99,3,22,9,2.0
389,K389,economics,male,1.0,2,29,6,85.0
390,K390,economics,male,1.0,18,1442,45,3.0
391,K391,economics,male,1.0,13,562,79,17.0
392,K392,economics,male,1.0,18,890,33,1.0
393,K393,economics,male,0.99,23,1421,62,7.0
394,K394,economics,male,1.0,25,1581,62,39.0
395,K395,economics,male,1.0,4,90,8,1.0
396,K396,economics,male,1.0,25,2314,138,12.0
397,K397,economics,male,1.0,10,108,15,0.0
398,K398,economics,male,1.0,26,1842,102,0.0
399,K399,economics,male,1.0,2,10,7,0.0
400,K400,economics,male,1.0,6,118,39,2.0
401,K401,economics,male,1.0,3,62,6,271.0
402,K402,economics,male,1.0,9,221,18,0.0
403,K403,economics,male,1.0,0,0,6,0.0
404,K404,economics,male,1.0,6,150,7,0.0
405,K405,economics,male,1.0,5,109,6,3.0
406,K406,economics,male,1.0,16,984,63,56.0
407,K407,economics,male,0.99,3,39,6,0.0
408,K408,economics,male,1.0,7,163,15,
409,K409,economics,male,0.99,1,3,2,68.0
410,K410,economics,male,1.0,2,12,3,1.0
411,K411,economics,male,1.0,5,112,11,0.0
412,K412,economics,female,0.98,20,1535,38,52.0
413,K413,economics,male,1.0,2,66,7,966.0
414,K414,economics,male,1.0,18,970,47,4.0
415,K415,economics,male,1.0,2,26,6,19.0
416,K416,economics,male,1.0,13,484,46,3.0
417,K417,economics,male,1.0,1,4,4,0.0
418,K418,economics,male,1.0,25,2071,145,33.0
419,K419,economics,male,1.0,17,1233,86,21.0
420,K420,economics,male,1.0,10,398,53,1.0
421,K421,economics,male,0.99,4,62,17,0.0
422,K422,economics,male,1.0,3,29,4,0.0
423,K423,economics,male,0.98,2,6,10,0.0
424,K424,economics,male,1.0,19,1712,85,
425,K425,economics,male,1.0,30,4442,293,15.0
426,K426,economics,male,1.0,13,551,43,1.0
427,K427,economics,male,1.0,12,380,69,1.0
428,K428,economics,male,1.0,5,79,9,7.0
429,K429,economics,male,0.98,5,76,15,0.0
430,K430,economics,female,0.99,3,16,5,0.0
431,K431,economics,male,1.0,23,1946,155,36.0
432,K432,sociology,male,1.0,9,385,14,0.0
433,K433,sociology,female,0.99,18,839,67,107.0
434,K434,sociology,male,1.0,29,2582,142,55.0
435,K435,sociology,male,1.0,18,1463,48,3.0
436,K436,sociology,male,1.0,19,935,55,0.0
437,K437,sociology,male,1.0,3,52,3,14.0
438,K438,sociology,male,1.0,2,11,9,2.0
439,K439,sociology,male,1.0,1,5,1,9.0
440,K440,sociology,male,1.0,8,186,20,2.0
441,K441,sociology,male,1.0,3,156,7,3.0
442,K442,sociology,male,1.0,0,0,1,0.0
443,K443,sociology,male,1.0,0,0,1,159.0
444,K444,sociology,male,1.0,1,5,7,131.0
445,K445,sociology,female,0.99,9,269,20,0.0
446,K446,social science,male,1.0,12,1441,22,6.0
447,K447,social science,male,1.0,8,145,16,1.0
448,K448,social science,male,1.0,5,106,15,41.0
449,K449,social science,female,0.99,8,432,23,1.0
450,K450,social science,male,1.0,9,170,21,42.0
451,K451,social science,male,1.0,14,507,49,14.0
452,K452,sociology,female,0.99,3,43,4,4.0
453,K453,sociology,female,0.98,3,70,15,3.0
454,K454,sociology,female,0.99,21,1444,58,6.0
455,K455,sociology,male,1.0,5,44,7,14.0
456,K456,social science,male,1.0,14,493,22,8.0
457,K457,social science,female,0.99,16,640,43,59.0
458,K458,social science,male,1.0,2,56,5,1.0
459,K459,social science,male,1.0,27,8164,57,3.0
460,K460,social science,male,1.0,5,71,14,1.0
461,K461,social science,male,1.0,35,3473,123,5.0
462,K462,politics,male,1.0,13,486,28,3.0
463,K463,politics,female,0.98,7,271,10,2.0
464,K464,politics,female,0.99,0,0,1,3.0
465,K465,politics,male,0.99,1,1,2,201.0
466,K466,politics,male,1.0,22,1750,76,20.0
467,K467,politics,male,1.0,4,56,12,3.0
468,K468,politics,male,0.96,8,235,29,1.0
469,K469,politics,male,1.0,2,67,3,56.0
470,K470,politics,male,1.0,3,103,5,2.0
471,K471,economics,male,1.0,10,356,54,6.0
472,K472,economics,male,0.99,16,657,45,11.0
473,K473,sociology,female,0.99,3,14,4,6.0
474,K474,sociology,male,1.0,12,1876,41,2.0
475,K475,sociology,male,0.98,3,32,5,38.0
476,K476,sociology,male,1.0,13,518,31,80.0
477,K477,sociology,male,1.0,1,4,3,11.0
478,K478,sociology,male,1.0,1,16,2,0.0
479,K479,sociology,male,1.0,7,152,15,3.0
480,K480,politics,male,0.99,2,9,9,58.0
481,K481,politics,male,1.0,0,0,4,36.0
482,K482,politics,male,1.0,3,18,5,54.0
483,K483,politics,male,1.0,3,55,3,27.0
484,K484,politics,male,0.98,1,2,3,9.0
485,K485,politics,male,1.0,18,1078,67,2.0
486,K486,politics,male,1.0,1,3,3,237.0
487,K487,politics,male,1.0,2,21,15,3.0
488,K488,politics,male,1.0,10,369,30,15.0
489,K489,politics,female,0.99,7,106,23,2.0
490,K490,politics,male,1.0,1,3,3,1.0
491,K491,politics,male,0.99,2,21,8,18.0
492,K492,politics,male,1.0,2,5,3,4.0
493,K493,politics,male,1.0,1,4,3,230.0
494,K494,politics,female,0.99,3,24,11,4.0
495,K495,economics,male,1.0,11,512,18,3.0
496,K496,economics,male,1.0,18,1438,47,28.0
497,K497,sociology,male,1.0,12,367,23,0.0
498,K498,sociology,male,1.0,1,16,1,434.0
499,K499,sociology,male,1.0,2,10,3,14.0
500,K500,sociology,male,1.0,24,3626,111,34.0
501,K501,sociology,female,0.99,0,0,1,12.0
502,K502,sociology,female,0.99,0,0,1,0.0
503,K503,communication science,male,0.99,11,343,103,38.0
504,K504,communication science,male,1.0,39,4900,395,0.0
505,K505,communication science,male,1.0,11,384,23,24.0
506,K506,communication science,male,1.0,3,13,5,8.0
507,K507,communication science,male,1.0,1,2,1,0.0
508,K508,communication science,male,0.99,6,193,14,44.0
509,K509,communication science,male,1.0,0,0,1,15.0
510,K510,communication science,male,1.0,12,384,33,15.0
511,K511,communication science,male,1.0,3,37,4,38.0
512,K512,communication science,male,1.0,1,1,1,0.0
513,K513,communication science,female,0.99,1,17,3,4.0
514,K514,communication science,male,1.0,8,303,15,3.0
515,K515,communication science,male,1.0,6,89,16,3.0
516,K516,communication science,female,0.99,3,29,12,1.0
517,K517,communication science,female,0.99,17,886,31,9.0
518,K518,communication science,male,1.0,19,1039,40,15.0
519,K519,communication science,male,0.96,4,159,5,6.0
520,K520,communication science,female,0.99,8,464,19,1.0
521,K521,communication science,female,0.96,5,143,21,5.0
522,K522,communication science,male,1.0,3,59,4,6.0
523,K523,communication science,male,1.0,3,85,5,16.0
524,K524,communication science,male,1.0,27,2137,59,5.0
525,K525,communication science,male,1.0,3,28,7,13.0
526,K526,communication science,male,1.0,4,80,14,3.0
527,K527,communication science,female,0.99,3,48,14,0.0
528,K528,communication science,female,0.99,1,5,9,0.0
529,K529,communication science,male,1.0,10,513,23,12.0
530,K530,communication science,male,1.0,1,5,1,29.0
531,K531,communication science,male,1.0,3,18,7,1.0
532,K532,communication science,male,1.0,3,83,9,7.0
533,K533,communication science,male,1.0,7,197,25,14.0
534,K534,communication science,male,0.98,0,0,1,2.0
535,K535,communication science,female,0.99,1,6,2,43.0
536,K536,communication science,male,1.0,31,2963,92,52.0
537,K537,communication science,male,1.0,16,965,33,15.0
538,K538,communication science,male,1.0,4,49,11,7.0
539,K539,communication science,female,0.99,16,1799,69,7.0
540,K540,communication science,male,1.0,16,1282,35,19.0
541,K541,communication science,female,0.99,11,442,31,18.0
542,K542,communication science,male,1.0,1,47,2,8.0
543,K543,communication science,female,0.99,9,522,25,1.0
544,K544,communication science,male,1.0,5,73,6,43.0
545,K545,communication science,male,1.0,16,647,80,13.0
546,K546,communication science,male,1.0,5,137,17,9.0
547,K547,communication science,male,1.0,2,10,3,2.0
548,K548,communication science,male,1.0,8,210,16,10.0
549,K549,communication science,male,1.0,0,0,1,2.0
550,K550,communication science,male,1.0,5,68,12,14.0
551,K551,communication science,female,0.98,9,1046,15,0.0
552,K552,communication science,female,0.99,2,23,3,15.0
553,K553,communication science,male,1.0,1,5,3,30.0
554,K554,communication science,male,1.0,1,3,2,7.0
555,K555,communication science,male,1.0,1,6,3,8.0
556,K556,communication science,male,1.0,25,1758,63,20.0
557,K557,communication science,female,0.97,3,30,15,1.0
558,K558,communication science,male,1.0,6,220,20,4.0
559,K559,communication science,male,1.0,5,280,5,60.0
560,K560,communication science,male,1.0,3,49,4,14.0
561,K561,communication science,female,1.0,6,101,19,21.0
562,K562,communication science,male,1.0,7,236,17,16.0
563,K563,social science,male,1.0,2,10,3,0.0
564,K564,social science,male,0.8,1,5,4,17.0
565,K565,social science,female,0.99,3,41,4,0.0
566,K566,social science,male,1.0,8,190,21,3.0
567,K567,sociology,male,1.0,3,27,7,7.0
568,K568,sociology,male,1.0,1,1,3,2.0
569,K569,sociology,male,0.95,7,120,18,8.0
570,K570,sociology,female,0.99,2,20,5,13.0
571,K571,sociology,male,1.0,3,52,6,3.0
572,K572,sociology,male,1.0,1,1,1,33.0
573,K573,sociology,male,0.99,11,425,43,105.0
574,K574,sociology,female,1.0,0,0,1,2.0
575,K575,sociology,male,1.0,3,15,4,2.0
576,K576,sociology,male,1.0,3,18,8,3.0
577,K577,social science,male,0.99,17,794,126,67.0
578,K578,economics,male,1.0,7,238,17,5.0
579,K579,economics,male,1.0,0,0,2,4.0
580,K580,communication science,male,1.0,0,0,1,11.0
581,K581,communication science,female,0.98,12,875,34,2.0
582,K582,communication science,male,1.0,11,374,31,5.0
583,K583,communication science,male,1.0,37,3677,88,36.0
584,K584,economics,male,1.0,7,342,20,12.0
585,K585,economics,male,1.0,5,216,7,340.0
586,K586,economics,male,0.99,10,258,31,
587,K587,economics,female,0.96,3,23,6,0.0
588,K588,economics,male,1.0,8,250,35,2.0
589,K589,economics,male,1.0,12,383,32,5.0
590,K590,sociology,female,0.99,8,317,18,0.0
591,K591,sociology,male,1.0,14,596,52,5.0
592,K592,sociology,female,0.99,4,46,4,0.0
593,K593,sociology,male,0.99,10,672,17,0.0
594,K594,sociology,male,1.0,10,377,29,12.0
595,K595,politics,female,0.98,4,93,6,0.0
596,K596,politics,male,1.0,4,66,11,1.0
597,K597,politics,male,1.0,4,110,15,104.0
598,K598,politics,male,1.0,20,1391,128,606.0
599,K599,politics,male,1.0,1,1,1,4.0
600,K600,politics,female,0.99,2,5,3,16.0
601,K601,politics,female,0.99,1,1,1,2.0
602,K602,politics,male,0.99,0,0,1,5.0
603,K603,politics,male,1.0,7,1615,9,1.0
604,K604,politics,male,1.0,2,10,11,4.0
605,K605,politics,female,0.99,4,46,14,15.0
606,K606,politics,male,1.0,7,137,17,0.0
607,K607,politics,male,1.0,4,35,8,5.0
608,K608,politics,male,1.0,5,80,13,11.0
609,K609,politics,male,1.0,9,305,19,23.0
610,K610,politics,female,0.99,1,1,3,0.0
611,K611,politics,female,0.94,5,61,18,15.0
612,K612,politics,female,0.98,4,206,9,5.0
613,K613,politics,male,1.0,2,17,3,23.0
614,K614,politics,male,1.0,2,44,3,14.0
615,K615,politics,male,0.99,14,1220,37,13.0
616,K616,politics,male,0.98,3,15,6,0.0
617,K617,politics,female,0.99,1,5,2,5.0
618,K618,politics,male,1.0,3,25,6,18.0
619,K619,politics,female,0.99,2,8,3,66.0
620,K620,politics,male,1.0,17,657,33,6.0
621,K621,politics,female,0.99,1,2,2,6.0
622,K622,politics,male,1.0,1,3,1,33.0
623,K623,politics,male,1.0,1,5,12,8.0
624,K624,politics,male,1.0,3,17,10,13.0
625,K625,politics,male,1.0,7,138,18,9.0
626,K626,politics,female,0.99,1,9,5,10.0
627,K627,politics,male,1.0,3,80,8,4.0
628,K628,politics,male,1.0,1,50,3,3.0
629,K629,politics,male,1.0,1,8,3,2.0
630,K630,politics,male,1.0,4,32,7,13.0
631,K631,politics,male,1.0,26,1403,74,6.0
632,K632,politics,female,0.99,36,4967,107,52.0
633,K633,politics,female,0.99,16,820,29,0.0
634,K634,politics,male,1.0,17,824,56,7.0
635,K635,politics,male,1.0,3,29,8,4.0
636,K636,politics,male,1.0,23,1037,69,7.0
637,K637,politics,male,1.0,5,182,14,132.0
638,K638,politics,male,1.0,6,127,18,12.0
639,K639,politics,female,0.99,5,66,16,7.0
640,K640,politics,male,1.0,21,1778,50,6.0
641,K641,politics,female,0.99,3,92,6,18.0
642,K642,politics,male,1.0,6,89,17,11.0
643,K643,politics,male,1.0,1,1,1,0.0
644,K644,politics,male,1.0,3,42,7,76.0
645,K645,politics,male,1.0,16,938,36,2.0
646,K646,politics,male,1.0,12,372,31,68.0
647,K647,politics,male,1.0,7,114,26,147.0
648,K648,politics,male,1.0,0,0,3,0.0
649,K649,politics,female,0.95,3,53,4,23.0
650,K650,politics,male,1.0,14,602,56,135.0
651,K651,politics,female,0.99,1,2,1,1.0
652,K652,politics,male,1.0,3,25,8,2.0
653,K653,politics,male,1.0,4,37,14,5.0
654,K654,politics,male,1.0,5,154,7,5.0
655,K655,politics,female,0.98,6,262,18,8.0
656,K656,politics,female,0.98,8,184,30,1.0
657,K657,politics,male,1.0,2,6,4,5.0
658,K658,politics,male,1.0,6,540,6,2.0
659,K659,politics,male,0.99,3,138,5,2.0
660,K660,politics,male,1.0,1,14,2,7.0
661,K661,politics,male,0.99,12,631,32,19.0
662,K662,politics,male,1.0,8,103,22,1.0
663,K663,politics,male,1.0,1,1,2,12.0
664,K664,politics,male,1.0,5,120,17,0.0
665,K665,politics,male,1.0,1,7,4,22.0
666,K666,politics,female,1.0,2,10,10,9.0
667,K667,politics,male,1.0,14,827,33,17.0
668,K668,politics,male,1.0,2,6,7,3.0
669,K669,politics,female,0.98,13,956,43,5.0
670,K670,politics,male,1.0,8,244,24,4.0
671,K671,politics,male,1.0,9,851,16,60.0
672,K672,politics,male,1.0,14,665,72,11.0
673,K673,politics,male,0.99,4,48,10,9.0
674,K674,politics,male,1.0,10,280,35,11.0
675,K675,politics,male,1.0,0,0,1,9.0
676,K676,politics,male,1.0,1,19,8,11.0
677,K677,politics,female,0.99,9,221,37,6.0
678,K678,politics,female,0.99,9,388,24,2.0
679,K679,politics,female,0.99,1,1,4,25.0
680,K680,politics,female,0.99,19,1275,45,14.0
681,K681,politics,male,1.0,2,9,4,18.0
682,K682,politics,male,1.0,1,1,3,2.0
683,K683,politics,male,1.0,3,58,4,3.0
684,K684,politics,male,1.0,12,791,41,11.0
685,K685,politics,male,1.0,3,21,6,7.0
686,K686,politics,male,1.0,4,50,8,0.0
687,K687,politics,male,1.0,1,15,10,37.0
688,K688,politics,male,1.0,4,38,27,12.0
689,K689,politics,female,0.99,6,150,23,1.0
690,K690,politics,male,1.0,14,779,25,8.0
691,K691,politics,female,0.99,5,78,17,6.0
692,K692,politics,male,1.0,6,192,27,32.0
693,K693,politics,male,1.0,12,510,54,14.0
694,K694,politics,male,0.99,1,3,2,9.0
695,K695,politics,female,0.99,23,1095,47,5.0
696,K696,politics,female,1.0,7,264,14,0.0
697,K697,politics,female,0.99,8,195,23,9.0
698,K698,politics,female,1.0,13,514,66,11.0
699,K699,politics,male,1.0,2,7,13,185.0
700,K700,politics,female,0.99,3,34,19,16.0
701,K701,politics,male,1.0,0,0,3,133.0
702,K702,politics,female,0.99,6,87,34,21.0
703,K703,politics,male,1.0,0,0,1,3.0
704,K704,politics,female,0.99,13,572,55,10.0
705,K705,politics,male,1.0,8,176,32,8.0
706,K706,politics,male,1.0,2,25,26,30.0
707,K707,politics,male,1.0,2,9,5,9.0
708,K708,politics,female,0.99,13,402,29,1.0
709,K709,politics,male,1.0,7,300,33,1.0
710,K710,politics,male,1.0,15,541,38,6.0
711,K711,politics,female,0.94,2,31,17,17.0
712,K712,politics,male,1.0,4,85,31,433.0
713,K713,politics,male,1.0,1,1,2,6.0
714,K714,politics,male,1.0,2,12,4,2.0
715,K715,politics,male,1.0,14,511,28,2.0
716,K716,politics,female,0.98,8,175,16,1.0
717,K717,politics,male,1.0,2,10,8,0.0
718,K718,politics,male,0.99,1,1,2,0.0
719,K719,politics,male,1.0,7,159,15,52.0
720,K720,politics,male,1.0,3,47,12,5.0
721,K721,politics,male,1.0,8,140,24,0.0
722,K722,politics,male,1.0,12,373,68,0.0
723,K723,politics,female,0.98,15,889,57,9.0
724,K724,politics,male,1.0,1,2,3,435.0
725,K725,politics,male,1.0,12,427,36,8.0
726,K726,politics,male,1.0,31,2048,80,609.0
727,K727,politics,male,1.0,17,898,58,0.0
728,K728,politics,male,1.0,4,57,20,6.0
729,K729,politics,male,1.0,2,10,2,5.0
730,K730,politics,male,1.0,15,1479,55,4.0
731,K731,politics,male,1.0,1,2,1,141.0
732,K732,politics,male,1.0,19,1213,60,0.0
733,K733,politics,male,1.0,1,2,2,6.0
734,K734,politics,female,0.99,1,3,1,0.0
735,K735,politics,male,0.99,2,11,11,14.0
736,K736,politics,female,0.99,18,918,70,2.0
737,K737,politics,female,0.98,3,38,3,4.0
738,K738,politics,male,1.0,1,3,2,4.0
739,K739,politics,female,0.99,5,100,21,5.0
740,K740,politics,male,1.0,20,1947,71,15.0
741,K741,politics,male,1.0,13,450,34,0.0
742,K742,politics,male,1.0,0,0,2,0.0
743,K743,politics,female,0.99,6,165,14,6.0
744,K744,politics,male,1.0,5,59,11,6.0
745,K745,politics,male,1.0,23,1795,73,1.0
746,K746,politics,male,1.0,11,532,31,2.0
747,K747,politics,female,0.97,4,110,5,2.0
748,K748,politics,female,0.99,1,3,10,14.0
749,K749,politics,male,1.0,18,622,72,5.0
750,K750,politics,male,1.0,1,3,3,1.0
751,K751,politics,male,1.0,5,136,23,15.0
752,K752,politics,male,1.0,5,92,39,18.0
753,K753,politics,male,1.0,7,189,25,69.0
754,K754,politics,male,1.0,0,0,1,7.0
755,K755,politics,male,1.0,8,131,13,9.0
756,K756,politics,male,1.0,8,246,20,0.0
757,K757,politics,male,1.0,8,157,28,2.0
758,K758,politics,male,1.0,8,177,28,5.0
759,K759,politics,male,1.0,8,421,10,7.0
760,K760,politics,male,1.0,2,11,8,0.0
761,K761,politics,male,1.0,1,2,2,84.0
762,K762,politics,male,1.0,2,13,4,1.0
763,K763,politics,female,0.99,16,675,28,105.0
764,K764,politics,male,0.99,15,573,49,16.0
765,K765,politics,male,0.99,3,15,12,15.0
766,K766,politics,male,1.0,6,95,15,23.0
767,K767,politics,male,1.0,1,1,6,77.0
768,K768,politics,female,0.98,7,133,16,5.0
769,K769,politics,male,1.0,1,9,1,0.0
770,K770,politics,female,0.99,4,52,22,5.0
771,K771,politics,male,1.0,3,20,4,0.0
772,K772,politics,male,1.0,1,4,2,2.0
773,K773,politics,male,1.0,5,64,19,14.0
774,K774,politics,male,1.0,14,828,37,4.0
775,K775,politics,female,0.98,1,5,5,7.0
776,K776,politics,male,1.0,4,25,10,4.0
777,K777,politics,male,1.0,4,73,23,6.0
778,K778,politics,female,0.99,3,16,8,0.0
779,K779,politics,male,1.0,2,6,4,10.0
780,K780,politics,male,1.0,4,69,9,6.0
781,K781,politics,male,1.0,1,27,1,21.0
782,K782,politics,female,0.94,27,2098,151,2.0
783,K783,politics,male,1.0,14,1623,35,3.0
784,K784,politics,male,1.0,6,164,14,9.0
785,K785,politics,female,0.99,6,158,19,2.0
786,K786,politics,male,1.0,14,586,38,0.0
787,K787,politics,female,0.97,5,114,11,0.0
788,K788,politics,male,1.0,0,0,1,1.0
789,K789,politics,male,0.99,0,0,14,475.0
790,K790,politics,female,0.98,4,32,7,0.0
791,K791,politics,male,0.99,12,644,31,8.0
792,K792,politics,male,1.0,23,1805,56,8.0
793,K793,politics,male,1.0,5,163,15,3.0
794,K794,politics,male,1.0,6,89,10,0.0
795,K795,politics,male,1.0,31,6711,90,6.0
796,K796,politics,female,0.99,3,76,13,15.0
797,K797,politics,male,1.0,1,5,2,7.0
798,K798,politics,male,1.0,8,284,19,34.0
799,K799,politics,male,1.0,14,746,39,1.0
800,K800,politics,female,0.99,13,427,30,21.0
801,K801,politics,male,1.0,0,0,1,76.0
802,K802,politics,female,1.0,2,16,10,28.0
803,K803,politics,male,1.0,4,49,38,18.0
804,K804,politics,male,1.0,7,138,20,2.0
805,K805,politics,male,1.0,1,1,8,31.0
806,K806,politics,male,1.0,1,1,2,7.0
807,K807,politics,male,1.0,1,3,1,0.0
808,K808,politics,female,0.99,1,3,3,6.0
809,K809,politics,female,0.99,1,1,1,3.0
810,K810,politics,female,0.99,5,120,8,12.0
811,K811,politics,female,0.99,6,127,12,5.0
812,K812,politics,male,1.0,1,20,5,38.0
813,K813,politics,male,1.0,0,0,2,8.0
814,K814,politics,male,1.0,2,5,4,9.0
815,K815,politics,male,1.0,2,13,8,23.0
816,K816,politics,male,1.0,0,0,1,5.0
817,K817,politics,male,1.0,8,158,15,243.0
818,K818,politics,female,0.99,1,19,4,10.0
819,K819,politics,male,0.99,1,11,1,52.0
820,K820,politics,male,1.0,5,124,13,2.0
821,K821,politics,male,1.0,6,418,9,0.0
822,K822,politics,male,1.0,3,62,17,29.0
823,K823,politics,male,0.99,3,18,10,4.0
824,K824,politics,male,1.0,1,2,5,6.0
825,K825,politics,female,0.99,2,14,3,178.0
826,K826,politics,male,1.0,14,777,64,34.0
827,K827,politics,male,1.0,1,5,1,558.0
828,K828,politics,male,0.99,0,0,3,3.0
829,K829,politics,male,1.0,1,4,5,77.0
830,K830,politics,female,0.99,8,192,37,0.0
831,K831,politics,male,1.0,1,1,1,2.0
832,K832,politics,male,1.0,1,2,8,0.0
833,K833,politics,female,0.99,3,38,6,11.0
834,K834,politics,male,1.0,8,195,54,3.0
835,K835,politics,male,1.0,14,803,42,21.0
836,K836,politics,male,1.0,7,112,28,20.0
837,K837,politics,female,0.99,1,1,2,0.0
838,K838,politics,male,1.0,2,16,3,0.0
839,K839,politics,male,1.0,1,2,4,1.0
840,K840,politics,male,1.0,0,0,1,2.0
841,K841,politics,male,1.0,1,4,4,23.0
842,K842,politics,female,0.99,18,1679,72,45.0
843,K843,politics,female,0.99,0,0,1,0.0
844,K844,politics,female,0.99,12,389,33,11.0
845,K845,politics,male,1.0,8,166,14,1.0
846,K846,politics,male,1.0,8,208,17,31.0
847,K847,politics,male,1.0,17,753,34,3.0
848,K848,politics,male,1.0,2,19,4,2.0
849,K849,politics,male,1.0,3,22,5,13.0
850,K850,politics,male,1.0,16,656,27,6.0
851,K851,politics,male,1.0,1,14,6,0.0
852,K852,economics,male,1.0,9,255,22,83.0
853,K853,economics,male,1.0,1,13,6,22.0
854,K854,economics,male,0.99,18,949,122,252.0
855,K855,economics,male,1.0,13,630,49,3.0
856,K856,economics,female,0.99,9,397,18,3.0
857,K857,economics,male,1.0,23,1044,103,63.0
858,K858,economics,male,1.0,4,46,36,66.0
859,K859,economics,male,1.0,1,35,1,15.0
860,K860,economics,male,1.0,25,1206,87,7.0
861,K861,economics,male,1.0,14,455,43,6.0
862,K862,economics,male,1.0,25,1559,120,53.0
863,K863,economics,male,1.0,8,151,44,5.0
864,K864,economics,male,1.0,24,1651,81,15.0
865,K865,economics,male,1.0,1,7,2,0.0
866,K866,economics,male,0.98,0,0,1,9.0
867,K867,economics,male,1.0,45,4799,143,11.0
868,K868,economics,male,1.0,1,5,3,12.0
869,K869,economics,male,1.0,0,0,2,1.0
870,K870,economics,male,0.99,3,22,21,0.0
871,K871,economics,male,1.0,5,128,8,60.0
872,K872,communication science,male,1.0,5,89,10,8.0
873,K873,communication science,male,1.0,0,0,1,0.0
874,K874,communication science,male,1.0,8,216,22,54.0
875,K875,communication science,male,1.0,20,1266,54,6.0
876,K876,communication science,female,0.99,14,636,52,17.0
877,K877,communication science,male,1.0,3,47,8,17.0
878,K878,communication science,male,0.99,8,159,15,10.0
879,K879,communication science,male,1.0,13,445,31,13.0
880,K880,economics,male,1.0,9,362,54,0.0
881,K881,sociology,male,1.0,5,51,19,21.0
882,K882,sociology,male,1.0,4,70,16,4.0
883,K883,social science,male,1.0,2,7,9,5.0
884,K884,social science,male,0.99,35,3842,233,371.0
885,K885,social science,male,1.0,27,5125,79,1.0
886,K886,social science,female,0.99,4,54,17,59.0
887,K887,social science,male,1.0,11,207,28,6.0
888,K888,social science,male,1.0,5,102,11,0.0
889,K889,social science,male,1.0,18,1365,62,104.0
890,K890,social science,female,1.0,3,37,15,11.0
891,K891,social science,male,1.0,8,228,39,309.0
892,K892,social science,male,1.0,4,95,25,19.0
893,K893,social science,male,1.0,1,1,2,5.0
894,K894,social science,male,1.0,15,528,43,37.0
895,K895,social science,male,1.0,15,415,69,15.0
896,K896,social science,male,1.0,9,235,49,104.0
897,K897,social science,male,1.0,3,23,10,3.0
898,K898,social science,male,1.0,1,7,1,23.0
899,K899,social science,male,1.0,6,167,34,93.0
900,K900,social science,male,1.0,1,1,2,3.0
901,K901,social science,male,1.0,4,72,33,44.0
902,K902,social science,female,0.98,9,144,15,4.0
903,K903,social science,male,1.0,11,533,27,13.0
904,K904,social science,female,0.98,2,13,3,11.0
905,K905,social science,female,1.0,2,9,4,0.0
906,K906,social science,female,0.99,27,3716,73,8.0
907,K907,social science,female,0.99,1,2,1,0.0
908,K908,social science,male,1.0,5,127,9,0.0
909,K909,sociology,male,0.99,18,977,56,2.0
910,K910,sociology,male,1.0,2,166,3,124.0
911,K911,sociology,male,1.0,7,259,13,6.0
912,K912,sociology,male,1.0,23,2389,61,41.0
913,K913,sociology,male,1.0,2,6,5,36.0
914,K914,sociology,male,1.0,8,221,24,0.0
915,K915,sociology,male,1.0,5,153,18,0.0
916,K916,sociology,male,1.0,2,12,6,2.0
917,K917,sociology,female,1.0,1,6,1,4.0
918,K918,sociology,male,1.0,1,4,1,3.0
919,K919,sociology,male,1.0,3,24,8,2.0
920,K920,sociology,male,1.0,2,21,6,1.0
921,K921,sociology,male,1.0,1,1,1,245.0
922,K922,sociology,female,0.99,4,55,4,9.0
923,K923,sociology,male,1.0,1,9,3,1.0
924,K924,sociology,male,1.0,0,0,1,0.0
925,K925,sociology,male,1.0,14,752,48,26.0
926,K926,sociology,female,0.99,17,1053,126,48.0
927,K927,sociology,female,0.99,10,228,48,8.0
928,K928,sociology,male,1.0,11,296,34,9.0
929,K929,sociology,male,1.0,9,208,28,12.0
930,K930,sociology,male,1.0,1,4,9,21.0
931,K931,sociology,male,1.0,1,1,3,70.0
932,K932,sociology,female,0.99,12,1076,22,1.0
933,K933,sociology,female,0.98,10,402,26,0.0
934,K934,sociology,male,1.0,23,2578,157,17.0
935,K935,sociology,female,0.99,2,14,16,2.0
936,K936,sociology,male,0.99,1,2,3,7.0
937,K937,sociology,male,1.0,5,145,6,0.0
938,K938,sociology,female,0.99,4,56,14,30.0
939,K939,sociology,female,0.98,12,310,36,8.0
940,K940,sociology,male,1.0,10,459,22,10.0
941,K941,sociology,male,1.0,1,2,1,0.0
942,K942,sociology,male,1.0,1,4,2,21.0
943,K943,sociology,female,0.95,4,36,13,3.0
944,K944,sociology,male,1.0,5,73,12,6.0
945,K945,sociology,male,1.0,12,566,20,0.0
946,K946,sociology,female,0.98,1,5,2,0.0
947,K947,sociology,female,0.99,10,233,15,23.0
948,K948,sociology,female,0.99,11,288,47,1.0
949,K949,sociology,male,1.0,5,80,28,12.0
950,K950,sociology,male,1.0,2,41,4,1.0
951,K951,sociology,female,0.98,1,2,1,12.0
952,K952,sociology,female,0.99,3,26,22,1.0
953,K953,sociology,male,1.0,4,52,7,9.0
954,K954,sociology,female,0.99,9,655,16,48.0
955,K955,sociology,male,1.0,5,62,20,16.0
956,K956,sociology,male,1.0,7,233,14,34.0
957,K957,sociology,female,0.99,1,3,2,2.0
958,K958,sociology,female,0.99,20,916,62,3.0
959,K959,sociology,male,0.99,3,140,16,403.0
960,K960,sociology,female,0.99,1,5,3,3.0
961,K961,sociology,female,0.99,7,241,14,5.0
962,K962,sociology,male,1.0,7,268,9,0.0
963,K963,sociology,female,0.98,6,94,14,7.0
964,K964,sociology,female,0.94,0,0,2,0.0
965,K965,sociology,male,1.0,8,260,31,19.0
966,K966,sociology,male,0.98,17,1303,29,35.0
967,K967,sociology,female,0.99,3,18,11,3.0
968,K968,sociology,female,0.99,14,654,33,22.0
969,K969,sociology,male,1.0,13,421,39,15.0
970,K970,sociology,female,0.99,13,622,26,5.0
971,K971,sociology,male,1.0,10,283,24,72.0
972,K972,sociology,female,0.98,5,284,10,1.0
973,K973,sociology,male,1.0,20,1305,57,2.0
974,K974,sociology,female,0.99,3,37,12,0.0
975,K975,sociology,male,1.0,1,18,3,11.0
976,K976,sociology,female,0.99,10,850,25,38.0
977,K977,sociology,male,1.0,2,17,5,23.0
978,K978,sociology,male,1.0,2,19,3,10.0
979,K979,sociology,male,0.98,9,339,20,1.0
980,K980,sociology,female,0.99,1,1,1,0.0
981,K981,sociology,female,0.99,0,0,1,29.0
982,K982,sociology,male,1.0,15,1708,34,4.0
983,K983,sociology,male,1.0,3,59,10,3.0
984,K984,sociology,male,1.0,16,586,30,6.0
985,K985,sociology,male,1.0,1,5,3,18.0
986,K986,sociology,male,1.0,13,492,19,15.0
987,K987,sociology,female,0.99,10,209,14,13.0
988,K988,sociology,male,1.0,10,401,28,16.0
989,K989,sociology,female,0.99,2,28,10,4.0
990,K990,sociology,male,0.98,0,0,1,3.0
991,K991,sociology,female,0.99,2,27,6,6.0
992,K992,sociology,male,1.0,0,0,1,5.0
993,K993,sociology,male,1.0,9,177,20,12.0
994,K994,sociology,female,0.99,7,151,28,15.0
995,K995,sociology,male,1.0,6,179,15,77.0
996,K996,sociology,female,0.99,17,850,39,3.0
997,K997,sociology,male,0.99,2,12,3,1.0
998,K998,sociology,male,0.99,0,0,5,3.0
999,K999,sociology,male,1.0,8,145,29,3.0
1000,K1000,sociology,male,1.0,28,2361,77,13.0
1001,K1001,sociology,female,0.99,8,286,14,6.0
1002,K1002,sociology,female,0.99,3,25,10,79.0
1003,K1003,sociology,male,1.0,6,99,15,33.0
1004,K1004,sociology,male,0.99,3,17,8,17.0
1005,K1005,sociology,female,0.99,3,36,10,3.0
1006,K1006,sociology,male,0.96,1,1,2,0.0
1007,K1007,sociology,male,1.0,3,42,3,8.0
1008,K1008,sociology,male,1.0,2,22,6,2.0
1009,K1009,sociology,male,1.0,6,132,10,1.0
1010,K1010,sociology,male,1.0,13,498,40,4.0
1011,K1011,sociology,male,1.0,12,685,40,9.0
1012,K1012,sociology,female,0.99,4,184,9,0.0
1013,K1013,sociology,male,1.0,0,0,1,43.0
1014,K1014,sociology,female,0.98,10,489,19,21.0
1015,K1015,sociology,male,0.98,6,194,11,3.0
1016,K1016,sociology,male,1.0,2,6,4,1.0
1017,K1017,sociology,female,0.99,1,4,1,1.0
1018,K1018,sociology,male,1.0,5,218,14,5.0
1019,K1019,sociology,male,1.0,1,122,5,7.0
1020,K1020,sociology,female,0.98,5,80,12,5.0
1021,K1021,sociology,male,0.96,1,1,1,1.0
1022,K1022,sociology,male,1.0,2,31,4,49.0
1023,K1023,sociology,female,0.99,7,195,37,0.0
1024,K1024,sociology,male,1.0,17,761,44,11.0
1025,K1025,sociology,male,1.0,12,546,38,4.0
1026,K1026,sociology,male,1.0,5,86,17,26.0
1027,K1027,sociology,male,1.0,2,7,3,0.0
1028,K1028,sociology,male,1.0,12,318,38,23.0
1029,K1029,sociology,female,0.99,7,162,22,8.0
1030,K1030,sociology,male,1.0,14,1162,57,20.0
1031,K1031,sociology,male,1.0,5,72,12,36.0
1032,K1032,sociology,female,0.99,2,19,4,79.0
1033,K1033,sociology,female,0.98,3,57,5,0.0
1034,K1034,sociology,female,0.88,1,2,2,5.0
1035,K1035,sociology,female,0.99,22,1315,66,37.0
1036,K1036,sociology,male,1.0,15,2524,37,20.0
1037,K1037,sociology,male,1.0,5,67,16,3.0
1038,K1038,sociology,female,0.99,9,695,18,4.0
1039,K1039,sociology,male,1.0,4,32,9,3.0
1040,K1040,sociology,male,1.0,0,0,1,408.0
1041,K1041,sociology,male,1.0,9,284,40,3.0
1042,K1042,sociology,male,1.0,2,22,8,3.0
1043,K1043,sociology,male,1.0,6,67,29,13.0
1044,K1044,sociology,male,0.99,3,12,6,23.0
1045,K1045,sociology,female,0.99,7,153,14,9.0
1046,K1046,sociology,female,0.99,1,1,2,7.0
1047,K1047,sociology,male,1.0,1,8,1,0.0
1048,K1048,sociology,male,1.0,10,346,21,0.0
1049,K1049,sociology,female,0.99,2,24,11,3.0
1050,K1050,sociology,female,0.99,0,0,3,6.0
1051,K1051,sociology,male,1.0,10,449,20,2.0
1052,K1052,sociology,male,1.0,1,8,3,6.0
1053,K1053,sociology,male,1.0,5,54,26,5.0
1054,K1054,sociology,female,0.99,7,384,18,9.0
1055,K1055,sociology,female,0.99,3,34,7,11.0
1056,K1056,sociology,male,1.0,7,349,13,19.0
1057,K1057,sociology,male,1.0,3,52,8,2.0
1058,K1058,sociology,female,0.99,1,6,3,2.0
1059,K1059,sociology,male,0.99,1,15,6,0.0
1060,K1060,sociology,male,1.0,2,18,7,1.0
1061,K1061,sociology,male,0.99,5,46,7,2.0
1062,K1062,sociology,male,1.0,7,138,11,1.0
1063,K1063,sociology,female,0.99,5,67,9,0.0
1064,K1064,sociology,male,0.99,5,55,12,8.0
1065,K1065,sociology,female,0.99,5,53,13,0.0
1066,K1066,sociology,male,0.98,13,654,36,9.0
1067,K1067,sociology,female,0.98,4,32,6,1.0
1068,K1068,sociology,female,0.99,3,35,7,1.0
1069,K1069,sociology,male,1.0,5,686,9,14.0
1070,K1070,sociology,male,1.0,4,51,15,1.0
1071,K1071,sociology,female,0.99,2,8,8,12.0
1072,K1072,sociology,male,1.0,9,179,42,639.0
1073,K1073,sociology,male,1.0,8,161,23,10.0
1074,K1074,sociology,male,1.0,0,0,1,3.0
1075,K1075,sociology,male,1.0,4,29,21,1.0
1076,K1076,sociology,male,1.0,2,53,6,30.0
1077,K1077,sociology,female,0.99,19,1378,41,3.0
1078,K1078,sociology,male,1.0,4,35,4,11.0
1079,K1079,sociology,male,0.99,2,15,12,66.0
1080,K1080,sociology,female,0.99,3,26,7,4.0
1081,K1081,sociology,male,0.98,13,553,47,13.0
1082,K1082,sociology,male,1.0,3,63,17,14.0
1083,K1083,sociology,female,0.99,3,19,3,1.0
1084,K1084,sociology,male,1.0,2,13,5,1.0
1085,K1085,sociology,male,1.0,0,0,2,0.0
1086,K1086,sociology,female,0.99,10,305,44,10.0
1087,K1087,sociology,male,1.0,14,1481,48,303.0
1088,K1088,sociology,female,0.99,3,49,7,1.0
1089,K1089,sociology,male,0.99,11,401,43,0.0
1090,K1090,sociology,female,0.99,4,47,8,0.0
1091,K1091,sociology,male,1.0,2,7,7,20.0
1092,K1092,sociology,male,1.0,12,630,41,19.0
1093,K1093,sociology,male,1.0,10,256,18,11.0
1094,K1094,sociology,female,0.99,5,115,8,0.0
1095,K1095,sociology,male,0.99,15,988,29,3.0
1096,K1096,sociology,male,1.0,7,85,14,183.0
1097,K1097,sociology,female,0.99,6,120,20,1.0
1098,K1098,sociology,male,1.0,3,38,7,256.0
1099,K1099,sociology,male,1.0,7,137,18,42.0
1100,K1100,sociology,female,1.0,3,21,6,10.0
1101,K1101,sociology,male,1.0,5,56,12,2.0
1102,K1102,sociology,female,0.98,1,1,2,14.0
1103,K1103,sociology,male,1.0,8,215,18,3.0
1104,K1104,sociology,female,0.95,2,17,3,2.0
1105,K1105,sociology,female,0.98,11,588,22,7.0
1106,K1106,sociology,female,0.99,20,880,46,78.0
1107,K1107,sociology,male,1.0,6,116,25,9.0
1108,K1108,sociology,female,0.99,6,230,16,11.0
1109,K1109,sociology,female,0.99,12,309,33,4.0
1110,K1110,sociology,male,1.0,8,118,19,34.0
1111,K1111,sociology,male,1.0,6,91,30,9.0
1112,K1112,sociology,male,1.0,7,89,13,10.0
1113,K1113,sociology,male,1.0,2,16,9,0.0
1114,K1114,sociology,male,1.0,5,120,6,3.0
1115,K1115,sociology,male,0.99,4,29,6,1.0
1116,K1116,sociology,male,1.0,5,92,22,0.0
1117,K1117,sociology,male,1.0,2,22,8,1.0
1118,K1118,sociology,male,1.0,18,2532,32,1.0
1119,K1119,sociology,female,0.94,1,6,3,11.0
1120,K1120,sociology,male,1.0,8,224,22,25.0
1121,K1121,sociology,male,1.0,1,5,1,1.0
1122,K1122,sociology,female,0.99,4,79,8,0.0
1123,K1123,sociology,male,1.0,1,2,1,1.0
1124,K1124,sociology,male,1.0,19,1012,60,15.0
1125,K1125,sociology,female,0.93,5,262,21,2.0
1126,K1126,sociology,female,0.99,1,2,2,0.0
1127,K1127,sociology,female,0.99,3,90,7,13.0
1128,K1128,sociology,male,1.0,3,100,7,0.0
1129,K1129,sociology,male,1.0,2,23,6,2.0
1130,K1130,sociology,female,1.0,10,824,25,9.0
1131,K1131,sociology,male,1.0,6,1449,20,13.0
1132,K1132,sociology,female,0.98,5,319,12,34.0
1133,K1133,sociology,female,0.95,1,4,3,0.0
1134,K1134,sociology,male,1.0,2,10,3,1.0
1135,K1135,sociology,male,1.0,6,119,15,6.0
1136,K1136,sociology,male,1.0,4,75,9,4.0
1137,K1137,sociology,female,0.99,7,182,20,9.0
1138,K1138,sociology,male,1.0,3,44,8,0.0
1139,K1139,sociology,male,1.0,1,8,6,1.0
1140,K1140,sociology,female,0.99,1,8,6,0.0
1141,K1141,sociology,male,1.0,0,0,2,23.0
1142,K1142,sociology,female,0.99,1,22,1,1.0
1143,K1143,sociology,male,1.0,13,729,28,24.0
1144,K1144,sociology,female,0.99,3,79,12,72.0
1145,K1145,sociology,male,1.0,1,9,4,1.0
1146,K1146,sociology,male,1.0,3,38,5,21.0
1147,K1147,sociology,male,1.0,7,162,36,112.0
1148,K1148,sociology,male,1.0,1,6,2,2.0
1149,K1149,sociology,female,0.98,6,70,18,12.0
1150,K1150,sociology,female,0.99,2,7,2,1.0
1151,K1151,sociology,male,1.0,2,13,3,0.0
1152,K1152,sociology,female,0.99,2,15,6,14.0
1153,K1153,sociology,female,0.96,3,85,8,5.0
1154,K1154,sociology,male,1.0,3,31,20,8.0
1155,K1155,sociology,female,0.99,2,11,7,4.0
1156,K1156,sociology,female,0.99,5,196,12,0.0
1157,K1157,sociology,male,1.0,2,123,2,3.0
1158,K1158,sociology,male,1.0,2,8,4,0.0
1159,K1159,sociology,male,1.0,1,2,6,8.0
1160,K1160,sociology,male,1.0,11,501,51,0.0
1161,K1161,sociology,male,0.99,3,33,5,10.0
1162,K1162,sociology,female,0.97,2,5,2,10.0
1163,K1163,sociology,male,1.0,5,183,7,17.0
1164,K1164,sociology,male,1.0,7,422,29,3.0
1165,K1165,sociology,female,0.99,2,24,6,6.0
1166,K1166,sociology,female,1.0,0,0,3,1.0
1167,K1167,sociology,male,1.0,4,34,19,2.0
1168,K1168,sociology,male,1.0,2,12,4,143.0
1169,K1169,sociology,male,1.0,2,18,5,7.0
1170,K1170,sociology,female,0.96,9,284,9,4.0
1171,K1171,sociology,male,0.99,2,12,4,45.0
1172,K1172,sociology,female,0.5,14,713,36,13.0
1173,K1173,sociology,female,0.99,2,18,8,24.0
1174,K1174,sociology,male,1.0,1,1,1,13.0
1175,K1175,sociology,male,1.0,1,2,3,3.0
1176,K1176,sociology,female,0.99,3,37,7,14.0
1177,K1177,politics,male,1.0,3,42,16,28.0
1178,K1178,politics,male,1.0,0,0,1,16.0
1179,K1179,politics,male,1.0,1,3,3,7.0
1180,K1180,politics,male,1.0,5,179,19,658.0
1181,K1181,politics,male,1.0,2,27,11,1.0
1182,K1182,politics,male,1.0,1,1,2,27.0
1183,K1183,politics,male,1.0,0,0,1,1.0
1184,K1184,politics,male,1.0,2,15,3,0.0
1185,K1185,politics,female,0.96,1,2,1,0.0
1186,K1186,politics,male,1.0,4,67,27,3.0
1187,K1187,politics,male,1.0,20,1053,39,10.0
1188,K1188,politics,male,1.0,18,1087,55,1.0
1189,K1189,politics,male,1.0,7,101,12,2.0
1190,K1190,politics,male,1.0,12,415,29,5.0
1191,K1191,politics,male,0.99,12,649,42,3.0
1192,K1192,politics,male,1.0,24,1229,86,72.0
1193,K1193,politics,female,0.99,17,1055,47,7.0
1194,K1194,politics,male,1.0,33,3763,105,137.0
1195,K1195,politics,male,0.98,4,44,9,10.0
1196,K1196,politics,male,1.0,11,400,42,35.0
1197,K1197,economics,male,1.0,8,170,12,10.0
1198,K1198,economics,male,1.0,1,1,1,1.0
1199,K1199,economics,male,1.0,1,16,1,0.0
1200,K1200,economics,male,1.0,7,180,32,5.0
1201,K1201,economics,male,1.0,3,34,8,4.0
1202,K1202,economics,male,1.0,5,152,5,
1203,K1203,economics,male,0.99,0,0,1,17.0
1204,K1204,economics,male,1.0,8,203,24,2.0
1205,K1205,economics,male,1.0,1,2,8,2.0
1206,K1206,economics,male,1.0,0,0,4,0.0
1207,K1207,economics,female,0.99,1,3,3,0.0
1208,K1208,economics,male,1.0,1,1,1,4.0
1209,K1209,economics,male,0.99,0,0,1,0.0
1210,K1210,economics,male,1.0,1,2,2,20.0
1211,K1211,economics,male,0.83,1,12,1,
1212,K1212,economics,male,1.0,9,211,11,2.0
1213,K1213,economics,male,1.0,3,29,15,93.0
1214,K1214,economics,male,0.99,4,38,8,4.0
1215,K1215,economics,male,1.0,2,25,6,32.0
1216,K1216,economics,male,1.0,23,1279,92,3.0
1217,K1217,economics,male,1.0,8,203,34,5.0
1218,K1218,economics,male,1.0,3,43,4,0.0
1219,K1219,economics,male,1.0,1,6,1,0.0
1220,K1220,economics,male,0.99,4,88,19,8.0
1221,K1221,economics,female,0.98,6,307,8,0.0
1222,K1222,economics,male,1.0,6,161,6,2.0
1223,K1223,economics,male,0.99,7,219,14,1.0
1224,K1224,economics,male,1.0,4,47,9,0.0
1225,K1225,economics,male,1.0,3,22,9,1.0
1226,K1226,economics,male,1.0,10,532,20,22.0
1227,K1227,economics,male,1.0,9,639,20,38.0
1228,K1228,economics,female,0.98,11,253,34,9.0
1229,K1229,economics,male,1.0,3,30,6,25.0
1230,K1230,economics,male,1.0,15,707,47,6.0
1231,K1231,economics,male,1.0,10,316,30,6.0
1232,K1232,economics,male,1.0,8,147,21,0.0
1233,K1233,economics,male,1.0,5,283,9,38.0
1234,K1234,economics,male,1.0,12,404,19,1.0
1235,K1235,economics,male,1.0,7,154,9,0.0
1236,K1236,economics,male,0.99,14,436,42,4.0
1237,K1237,economics,male,1.0,3,90,5,18.0
1238,K1238,economics,male,1.0,11,290,49,1.0
1239,K1239,economics,male,1.0,19,1195,56,103.0
1240,K1240,economics,male,1.0,20,1629,45,23.0
1241,K1241,economics,male,1.0,6,118,18,17.0
1242,K1242,economics,male,1.0,30,4378,118,17.0
1243,K1243,economics,male,1.0,16,3349,25,3.0
1244,K1244,economics,male,1.0,13,654,23,6.0
1245,K1245,economics,male,1.0,11,349,27,12.0
1246,K1246,economics,male,1.0,22,1486,58,21.0
1247,K1247,economics,male,0.99,0,0,1,38.0
1248,K1248,economics,male,1.0,23,1289,122,8.0
1249,K1249,economics,male,1.0,10,273,32,5.0
1250,K1250,economics,female,0.99,4,61,21,4.0
1251,K1251,economics,male,1.0,48,5844,108,20.0
1252,K1252,economics,female,0.98,6,132,11,2.0
1253,K1253,economics,male,1.0,16,576,32,10.0
1254,K1254,economics,male,1.0,4,58,42,98.0
1255,K1255,economics,male,1.0,15,569,76,1.0
1256,K1256,economics,male,1.0,12,246,44,2.0
1257,K1257,economics,male,1.0,16,1388,32,7.0
1258,K1258,economics,male,1.0,11,428,33,4.0
1259,K1259,economics,male,1.0,9,183,21,5.0
1260,K1260,economics,male,1.0,17,640,70,0.0
1261,K1261,economics,male,1.0,11,853,53,1.0
1262,K1262,economics,female,0.65,14,1006,28,42.0
1263,K1263,economics,male,1.0,6,162,10,5.0
1264,K1264,economics,female,0.99,6,193,12,1.0
1265,K1265,economics,female,0.99,8,146,21,0.0
1266,K1266,economics,male,0.99,4,55,19,7.0
1267,K1267,economics,male,1.0,11,356,73,2.0
1268,K1268,economics,male,1.0,8,132,25,15.0
1269,K1269,economics,male,0.99,3,20,5,2.0
1270,K1270,economics,male,1.0,14,893,63,66.0
1271,K1271,economics,female,0.99,17,671,74,385.0
1272,K1272,economics,male,1.0,13,535,41,1.0
1273,K1273,economics,male,1.0,9,188,18,2.0
1274,K1274,economics,male,1.0,43,4751,163,15.0
1275,K1275,economics,female,0.99,9,351,33,35.0
1276,K1276,economics,male,1.0,3,45,4,1.0
1277,K1277,economics,male,1.0,9,513,34,2.0
1278,K1278,economics,male,1.0,10,1014,88,2.0
1279,K1279,economics,male,1.0,8,148,45,11.0
1280,K1280,economics,female,0.99,7,122,13,0.0
1281,K1281,economics,male,1.0,10,268,25,0.0
1282,K1282,economics,male,1.0,4,56,5,2.0
1283,K1283,economics,male,0.99,12,300,29,2.0
1284,K1284,economics,male,1.0,7,234,44,170.0
1285,K1285,economics,female,0.98,16,1058,36,28.0
1286,K1286,economics,male,1.0,0,0,1,28.0
1287,K1287,economics,male,1.0,48,6436,257,28.0
1288,K1288,economics,male,1.0,5,59,16,7.0
1289,K1289,economics,male,0.99,8,206,16,6.0
1290,K1290,economics,male,1.0,2,61,17,2.0
1291,K1291,economics,male,1.0,8,145,21,3.0
1292,K1292,economics,male,1.0,1,15,1,18.0
1293,K1293,economics,male,1.0,7,187,28,2.0
1294,K1294,economics,male,1.0,6,110,17,1.0
1295,K1295,economics,female,0.99,15,1318,33,2.0
1296,K1296,economics,male,1.0,8,499,35,5.0
1297,K1297,economics,male,1.0,9,217,20,1.0
1298,K1298,economics,male,1.0,12,588,27,1.0
1299,K1299,economics,male,1.0,6,100,21,3.0
1300,K1300,economics,male,1.0,3,12,4,8.0
1301,K1301,economics,male,1.0,9,176,12,1.0
1302,K1302,economics,male,1.0,1,4,1,71.0
1303,K1303,economics,male,1.0,13,2333,27,39.0
1304,K1304,economics,male,1.0,12,499,24,46.0
1305,K1305,economics,male,0.99,13,1182,28,9.0
1306,K1306,economics,male,1.0,11,224,46,7.0
1307,K1307,economics,male,1.0,2,29,15,5.0
1308,K1308,economics,male,1.0,2,102,2,0.0
1309,K1309,economics,male,0.98,2,11,6,2.0
1310,K1310,economics,male,1.0,9,265,29,39.0
1311,K1311,economics,male,1.0,6,72,14,7.0
1312,K1312,economics,male,1.0,13,611,44,46.0
1313,K1313,economics,male,1.0,4,35,11,0.0
1314,K1314,economics,male,1.0,12,1060,18,0.0
1315,K1315,economics,male,1.0,2,33,2,1.0
1316,K1316,economics,male,1.0,7,280,14,1.0
1317,K1317,economics,male,1.0,10,254,16,2.0
1318,K1318,economics,male,1.0,2,46,3,1.0
1319,K1319,economics,female,0.99,16,753,39,35.0
1320,K1320,economics,male,1.0,7,100,12,1.0
1321,K1321,economics,male,0.91,3,15,8,4.0
1322,K1322,economics,male,1.0,1,34,7,23.0
1323,K1323,economics,male,1.0,14,579,21,1.0
1324,K1324,economics,male,0.99,0,0,2,6.0
1325,K1325,economics,male,1.0,5,124,26,723.0
1326,K1326,economics,female,0.99,6,72,9,5.0
1327,K1327,economics,male,0.99,5,109,19,270.0
1328,K1328,economics,male,1.0,35,3396,100,19.0
1329,K1329,economics,male,1.0,2,234,6,0.0
1330,K1330,economics,male,1.0,4,164,24,0.0
1331,K1331,economics,male,1.0,8,163,18,29.0
1332,K1332,economics,female,0.99,6,126,13,3.0
1333,K1333,economics,male,1.0,6,100,20,5.0
1334,K1334,economics,male,1.0,5,222,14,1.0
1335,K1335,economics,male,1.0,2,13,27,81.0
1336,K1336,economics,male,1.0,6,106,15,13.0
1337,K1337,economics,male,0.95,1,1,2,0.0
1338,K1338,economics,male,1.0,0,0,1,14.0
1339,K1339,economics,male,1.0,2,45,2,226.0
1340,K1340,economics,male,1.0,20,1068,39,26.0
1341,K1341,economics,male,1.0,16,732,47,0.0
1342,K1342,economics,female,0.99,10,469,23,2.0
1343,K1343,economics,male,1.0,16,489,57,2.0
1344,K1344,economics,female,0.99,3,36,23,9.0
1345,K1345,economics,male,1.0,10,470,15,0.0
1346,K1346,economics,male,0.99,2,27,43,137.0
1347,K1347,economics,male,1.0,23,1677,96,5.0
1348,K1348,economics,male,0.98,16,1188,35,3.0
1349,K1349,economics,male,1.0,11,367,35,19.0
1350,K1350,economics,male,0.99,10,391,37,5.0
1351,K1351,economics,male,1.0,8,222,33,11.0
1352,K1352,economics,male,1.0,11,409,26,2.0
1353,K1353,economics,male,1.0,21,1509,206,0.0
1354,K1354,economics,female,0.98,10,371,31,45.0
1355,K1355,economics,male,1.0,5,46,9,0.0
1356,K1356,economics,male,0.96,1,2,6,87.0
1357,K1357,economics,male,1.0,27,2132,98,26.0
1358,K1358,economics,male,1.0,19,987,66,20.0
1359,K1359,economics,male,0.98,8,287,61,6.0
1360,K1360,economics,male,1.0,18,785,63,0.0
1361,K1361,economics,male,1.0,30,2969,108,8.0
1362,K1362,economics,male,1.0,7,165,25,2.0
1363,K1363,economics,female,0.99,29,2752,91,0.0
1364,K1364,economics,male,1.0,3,23,4,3.0
1365,K1365,economics,male,1.0,21,1300,62,6.0
1366,K1366,economics,male,0.98,2,19,2,3.0
1367,K1367,economics,female,0.99,23,2967,43,21.0
1368,K1368,economics,male,1.0,8,245,31,37.0
1369,K1369,economics,female,0.99,7,174,21,0.0
1370,K1370,economics,male,1.0,13,596,29,4.0
1371,K1371,economics,male,1.0,9,333,27,1.0
1372,K1372,economics,male,0.98,3,97,4,1.0
1373,K1373,economics,male,1.0,14,639,39,1.0
1374,K1374,economics,male,1.0,2,10,7,5.0
1375,K1375,economics,male,1.0,13,282,67,11.0
1376,K1376,economics,male,1.0,4,79,8,1.0
1377,K1377,economics,male,0.98,2,9,2,0.0
1378,K1378,economics,male,1.0,1,30,1,45.0
1379,K1379,economics,female,0.99,14,623,27,215.0
1380,K1380,economics,female,0.99,15,788,39,199.0
1381,K1381,economics,female,0.92,6,218,11,0.0
1382,K1382,economics,male,1.0,14,942,61,43.0
1383,K1383,economics,female,0.99,6,57,15,0.0
1384,K1384,economics,male,1.0,13,472,63,30.0
1385,K1385,economics,male,1.0,2,14,7,0.0
1386,K1386,economics,male,1.0,3,33,10,44.0
1387,K1387,economics,female,0.99,3,42,13,6.0
1388,K1388,economics,male,1.0,12,410,85,715.0
1389,K1389,economics,male,1.0,15,829,42,7.0
1390,K1390,economics,male,1.0,23,1357,115,1.0
1391,K1391,economics,male,1.0,13,472,57,0.0
1392,K1392,economics,female,0.99,4,56,10,0.0
1393,K1393,economics,female,0.99,8,275,21,36.0
1394,K1394,economics,female,1.0,13,696,22,
1395,K1395,economics,male,1.0,16,948,47,
1396,K1396,economics,male,1.0,17,646,59,
1397,K1397,economics,female,1.0,3,34,4,
1398,K1398,economics,male,0.94,11,222,66,
1399,K1399,economics,male,1.0,9,710,36,
1400,K1400,economics,male,1.0,19,1312,57,
1401,K1401,economics,male,1.0,7,326,15,
1402,K1402,economics,male,1.0,1,2,1,
1403,K1403,economics,male,1.0,1,14,1,
1404,K1404,economics,male,1.0,9,207,50,
1405,K1405,economics,male,1.0,15,957,40,
1406,K1406,economics,male,0.99,17,680,66,
1407,K1407,economics,male,0.99,14,358,34,
1408,K1408,economics,female,0.99,14,2058,22,274.0
1409,K1409,economics,male,0.99,12,676,20,15.0
1410,K1410,economics,male,1.0,9,264,119,34.0
1411,K1411,economics,male,1.0,7,260,16,0.0
1412,K1412,economics,male,1.0,10,495,46,9.0
1413,K1413,economics,male,1.0,10,203,26,0.0
1414,K1414,economics,male,1.0,5,79,23,1.0
1415,K1415,economics,male,0.99,10,324,47,13.0
1416,K1416,economics,male,0.99,2,21,10,2.0
1417,K1417,economics,male,1.0,24,1447,72,2.0
1418,K1418,economics,male,1.0,3,67,4,10.0
1419,K1419,economics,male,1.0,3,32,14,3.0
1420,K1420,economics,male,1.0,9,230,38,17.0
1421,K1421,economics,male,0.99,29,2594,102,1.0
1422,K1422,economics,male,0.99,3,45,14,0.0
1423,K1423,economics,male,1.0,3,252,23,10.0
1424,K1424,economics,male,1.0,1,1,1,1.0
1425,K1425,economics,male,1.0,8,366,36,149.0
1426,K1426,economics,male,1.0,1,5,1,0.0
1427,K1427,economics,male,1.0,7,176,47,34.0
1428,K1428,economics,male,1.0,22,1724,58,0.0
1429,K1429,economics,male,1.0,6,63,17,2.0
1430,K1430,economics,male,1.0,8,219,40,0.0
1431,K1431,economics,female,0.99,2,16,13,16.0
1432,K1432,economics,male,1.0,0,0,1,135.0
1433,K1433,economics,female,0.99,3,18,4,7.0
1434,K1434,economics,male,1.0,3,41,13,28.0
1435,K1435,economics,male,0.75,16,830,63,48.0
1436,K1436,economics,male,1.0,6,224,28,12.0
1437,K1437,economics,female,0.99,0,0,1,2.0
1438,K1438,economics,male,1.0,7,219,29,613.0
1439,K1439,economics,male,1.0,1,4,6,15.0
1440,K1440,economics,female,0.99,0,0,1,96.0
1441,K1441,economics,male,1.0,1,3,20,3.0
1442,K1442,economics,male,0.99,4,91,17,2.0
1443,K1443,economics,male,1.0,4,55,12,3.0
1444,K1444,economics,male,0.99,1,2,8,33.0
1445,K1445,economics,female,0.98,10,208,21,2.0
1446,K1446,economics,male,1.0,5,84,23,5.0
1447,K1447,economics,male,1.0,11,300,26,2.0
1448,K1448,economics,male,1.0,2,4,9,9.0
1449,K1449,economics,male,1.0,1,2,3,7.0
1450,K1450,economics,male,1.0,1,10,4,22.0
1451,K1451,economics,male,1.0,19,1183,82,87.0
1452,K1452,economics,male,1.0,1,1,1,1.0
1453,K1453,economics,male,1.0,11,730,41,9.0
1454,K1454,economics,male,1.0,14,1016,51,63.0
1455,K1455,economics,male,1.0,22,2530,38,92.0
1456,K1456,economics,male,1.0,4,28,9,0.0
1457,K1457,economics,male,1.0,21,1420,181,5.0
1458,K1458,economics,male,1.0,0,0,1,40.0
1459,K1459,economics,male,1.0,14,599,32,24.0
1460,K1460,economics,male,1.0,5,120,8,2.0
1461,K1461,economics,male,1.0,9,289,18,2.0
1462,K1462,economics,male,0.99,71,17442,466,3.0
1463,K1463,economics,male,1.0,17,719,39,5.0
1464,K1464,economics,male,1.0,12,1018,39,6.0
1465,K1465,economics,male,1.0,11,622,36,1.0
1466,K1466,economics,male,1.0,13,1378,33,3.0
1467,K1467,economics,male,1.0,0,0,1,1.0
1468,K1468,economics,male,1.0,4,143,6,3.0
1469,K1469,economics,male,1.0,8,382,8,6.0
1470,K1470,economics,male,1.0,2,44,6,17.0
1471,K1471,economics,female,0.98,5,101,10,0.0
1472,K1472,economics,male,1.0,1,4,1,0.0
1473,K1473,economics,male,1.0,23,1770,90,0.0
1474,K1474,economics,female,0.98,7,99,25,1.0
1475,K1475,economics,male,1.0,27,4694,70,17.0
1476,K1476,economics,female,0.99,7,171,15,0.0
1477,K1477,economics,male,1.0,18,1229,54,3.0
1478,K1478,economics,male,1.0,20,1074,56,0.0
1479,K1479,economics,male,0.99,4,50,8,3.0
1480,K1480,economics,male,1.0,7,172,23,1.0
1481,K1481,economics,male,1.0,1,1,1,27.0
1482,K1482,economics,female,0.99,14,1359,31,8.0
1483,K1483,economics,male,1.0,5,98,30,40.0
1484,K1484,economics,male,1.0,7,87,19,1.0
1485,K1485,economics,male,0.99,7,126,17,0.0
1486,K1486,economics,male,1.0,15,755,36,11.0
1487,K1487,economics,male,1.0,9,190,24,2.0
1488,K1488,economics,female,0.99,2,20,4,1.0
1489,K1489,economics,male,1.0,6,163,10,0.0
1490,K1490,economics,male,1.0,7,160,15,4.0
1491,K1491,economics,male,0.92,5,228,7,0.0
1492,K1492,economics,male,1.0,5,97,11,2.0
1493,K1493,economics,male,1.0,4,124,6,2.0
1494,K1494,economics,male,1.0,0,0,1,0.0
1495,K1495,economics,male,1.0,27,3329,209,8.0
1496,K1496,economics,male,1.0,15,921,27,6.0
1497,K1497,economics,female,0.99,19,1272,42,24.0
1498,K1498,economics,male,1.0,9,270,27,0.0
1499,K1499,economics,male,1.0,10,339,24,1.0
1500,K1500,economics,male,1.0,10,394,25,3.0
1501,K1501,economics,male,0.99,5,162,8,0.0
1502,K1502,economics,male,1.0,19,1415,41,4.0
1503,K1503,economics,male,1.0,16,1013,32,2.0
1504,K1504,economics,male,1.0,8,171,29,0.0
1505,K1505,economics,male,1.0,5,175,5,121.0
1506,K1506,economics,male,1.0,7,154,24,2.0
1507,K1507,economics,female,0.98,17,596,71,3.0
1508,K1508,economics,male,1.0,12,477,25,
1509,K1509,economics,male,1.0,5,351,8,
1510,K1510,economics,male,1.0,5,184,15,0.0
1511,K1511,economics,female,0.99,6,114,14,1.0
1512,K1512,economics,female,0.98,4,30,10,0.0
1513,K1513,economics,male,1.0,11,571,15,0.0
1514,K1514,economics,male,1.0,12,236,26,70.0
1515,K1515,sociology,male,1.0,3,164,5,40.0
1516,K1516,sociology,male,1.0,3,84,5,9.0
1517,K1517,sociology,male,0.99,14,693,44,2.0
1518,K1518,sociology,male,1.0,7,183,17,10.0
1519,K1519,sociology,male,1.0,4,92,7,2.0
1520,K1520,economics,male,1.0,17,952,41,
1521,K1521,economics,female,0.99,21,1483,71,36.0
1522,K1522,economics,male,0.99,4,43,16,0.0
1523,K1523,sociology,female,1.0,0,0,1,3.0
1524,K1524,economics,male,0.0,17,845,40,0.0
1525,K1525,economics,male,0.0,29,2189,107,0.0
1526,K1526,communication science,male,0.0,0,0,1,0.0
1527,K1527,politics,,0.0,1,9,2,0.0
1528,K1528,politics,male,0.0,1,7,20,16.0
1529,K1529,politics,male,0.0,15,555,44,5.0
1530,K1530,sociology,female,0.0,10,364,16,6.0
1531,K1531,sociology,male,0.0,6,114,30,4.0
1532,K1532,sociology,male,0.0,2,11,11,3.0
1533,K1533,sociology,male,0.0,8,187,26,62.0
1534,K1534,economics,male,0.0,2,15,4,0.0
1535,K1535,economics,male,0.0,8,225,23,1.0
1536,K1536,economics,male,0.0,5,93,10,1.0
1537,K1537,economics,female,0.0,5,97,13,0.0
